Linea	Descrizione	Dimensioni	Codice Articolo	Note	Materiale / Codice Riciclo
Pp	Vassoio Conico Cesto Incollato	230x170x80	130431S
Pp	Vassoio Conico Cesto Incollato	290x210x90	130433S
Pp	Vassoio Conico Cesto Incollato	400x300x115	130434S
Pp	Vassoio Esagono Vassoio	205x170x70	130423S
Pp	Vassoio Esagono Vassoio	290x230x85	130424S
Pp	Vassoio Esagono Vassoio	380x300x100	130425S
Pp	Portapanettone Portapanettone Portapanettone	100x100x100	130387S
Pp	Quadrella Quadrella Cubotto	210x210x220	130395S
Pp	Quadrella Quadrella Cubotto	330x250x350	130369S
Fibra Rosso	F/C-Dp Easy	340x250x120	139486S
Fibra Rosso	F/C-Dp Easy	380x260x130	139487S
Fibra Rosso	F/C-Dp Easy	455x320x150	139488S
Fibra Rosso	Baulotto New Baulotto New	335x235x250	130358S
F/C-On	Portapanettone + Bott.	400x285x240	130371S
F/C-On	Portapanettone + Bott.	400x340x340	130372S
F/C-On	Portapanettone + Bott.	490x340x340	130373S
Fibra Rosso	Magnum	90x90x385	130398S
Fibra Rosso	Magnum	115x115x430	130380S
Fibra Rosso	Cantinetta	340x90x90	130360S
Fibra Rosso	Cantinetta	340x185x90	130361S
Fibra Rosso	Cantinetta	325x175x180	130408S
Fibra Rosso	Cantinetta	340x280x90	130362S
Fibra Rosso	Cantinetta	340x90x90	130374S
Fibra Rosso	Cantinetta	340x180x95	130428S
Fibra Rosso	Cantinetta	340x180x90	130375S
Fibra Rosso	Cantinetta	340x270x95	130430S
Fibra Rosso	Cantinetta	340x270x90	130376S
Fibra Rosso	Cantinetta	340x180	197914S
Fibra Rosso	Cantinetta	340x270	197915S
Pet	Vassoio Esagono Cesto Incollato	205x170x70	138049S
Pet	Vassoio Esagono Cesto Incollato	290x230x85	138050S
Pet	Vassoio Esagono Cesto Incollato	380x300x100	138051S
Pet	Vassoio Conico Vassoio Conico	230x170x80	138043S
Pet	Vassoio Conico Vassoio Conico	290x210x90	138047S
Pet	Vassoio Conico Vassoio Conico	400x300x115	138048S
Pet	Marmotta Con Finestra Vassoio	380x300x140	138014S
Pet	Marmotta Con Finestra Vassoio	400x320x150	138041S
Pet	Marmotta Con Finestra Vassoio	500x375x160	138042S
Pet	Prestige C/Cordini  Prestige C/Cordini	210x210x210	138065S
Lino Rosso	Segreto C/Cordini In C/Cordino Albero	290x355x195	138082S
Lino Rosso	Segreto C/Cordini In C/Cordino Albero	245x245x180	138064S
Lino Rosso	Casetta C/Cordini	200x200x180	138083S
Lino Rosso	Casetta C/Cordini	245x245x150	138084S
Lino Rosso	Portapanettone + Bott.	200x200x180	138019S
Lino Rosso	Portapanettone + Bott.	245x245x130	138020S
Lino Rosso	F/C-Dp Easy	240x200x95	138008S
Lino Rosso	F/C-Dp Easy	300x230x110	138009S
Lino Rosso	F/C-Dp Easy	340x250x120	138010S
Lino Rosso	F/C-Dp Easy	380x260x130	138011S
Lino Rosso	F/C-Dp Easy	455x320x150	138012S
Lino Rosso	F/C-Dp Easy	180x90x385	138028S
Lino Rosso	F/C-Dp Easy	90x90x385	138027S
Lino Rosso	Cantinetta	340x90x90	137987S
Lino Rosso	Cantinetta	340x185x90	137988S
Lino Rosso	Cantinetta	340x280x90	137989S
Lino Rosso	Portapanettone Portapanettone Portapanettone	100x100x100	197785S
Lino Rosso	Quadrella Quadrella	210x210x220	197792S
Lino Rosso	Segreto C/Cordini Segreto C/Cordini	210x210x210	197768S
Lino Rosso	Segreto C/Cordini Segreto C/Cordini	245x245x180	197794S
Lino Rosso	Portapanettone + Bott. Baulotto New	280x200x350	197788S
Lino Rosso	Portapanettone + Bott. Baulotto New	305x225x350	197923S
Botanical Christmas	Cesto Incollato Segreto C/Cordini	350x260x70	139090S
Botanical Christmas	Cesto Incollato Segreto C/Cordini	400x300x120	139091S
Botanical Christmas	Portapanettone Portapanettone+Bott.	200x200x180	139092S
Botanical Christmas	Portapanettone Portapanettone+Bott.	245x245x130	139093S
Botanical Christmas	Portapanettone Portapanettone+Bott.	330x250x350	139096S
Botanical Christmas	Portapanettone Portapanettone+Bott.	430x240x345	139097S
Red Little Housesc/cordino c/cordini c/cordini	120x120x110	137834S
Arriva Babbo Natale	Portapanettone Portapanettone Portapanettone	100x100x100	136177S
Arriva Babbo Natale	Cubotto  Portapanettone + Bott.	330x250x350	136172S
Arriva Babbo Natale	Portapanettone + Bott. Portapanettone + Bott.	305x225x350	136174S
Arriva Babbo Natale	Portapanettone + Bott. Portapanettone + Bott.	330x250x350	136175S
Pelle Rosso	Cesto Incollato Marmotta New	220x160x50	133407S
Pelle Rosso	Cesto Incollato Marmotta New	310x220x90	133408S
Pelle Rosso	Cesto Incollato Marmotta New	350x260x70	133409S
Pelle Rosso	Portapanettone Portapanettone + Bott.	200x200x180	133445S
Pelle Rosso	Portapanettone Portapanettone + Bott.	245x245x130	133446S
Pelle Rosso	Cubotto	280x200x350	133418S
Pelle Rosso	Cubotto	90x90x350	133420S
Pelle Rosso	Segreto Segreto C/Cordini	200x200x180	133453S
Pelle Rosso	Segreto Segreto C/Cordini	300x300x240	133456S
Pelle Rosso	Segreto Segreto C/Cordini	90x90x370	133499S
Pelle Rosso	Unica Cantinetta	340x180x95	133467S
Pelle Rosso	Unica Cantinetta	340x270x95	133468S
Pp	Vassoio Cesto Incollato	310x240x105	113735S
Pp	Vassoio Cesto Incollato	400x320x150	113736S
Pp	Vassoio Cesto Incollato	500x375x160	113737S
Pp	Portapanettone Cofanetto-On	200x200x180	113675S
Pp	Portapanettone Cofanetto-On	245x245x130	113676S
Pp	F/C-On F/C-Dp-On F/C-On Portapanettone Albero	300x300x240	113697S
Pp	F/C-On F/C-Dp-On F/C-On Portapanettone Albero	455x320x110	113659S
Pp	Cubotto Portapanettone	245x190x340	113734S
Pp	Cubotto Portapanettone	280x200x350	113670S
Pp	Cubotto Portapanettone	305x225x350	113671S
Pp	Tutto A Posto M/P Marmotta New	340x500x250	113691S
Pp	Tutto A Posto M/P Marmotta New	400x460x230	113692S
Pp	Tutto A Posto M/P Marmotta New	400x600x250	113693S
Seta Rosso	Cantinetta	340x90x90	113619S
Seta Rosso	Cantinetta	340x185x90	113620S
Seta Rosso	Cantinetta	340x280x90	113621S
Seta Rosso	Cantinetta	340x370x90	113622S
Seta Rosso	Cantinetta	340x560x90	113623S
Seta Rosso	Cantinetta	90x90x370	116980S
Seta Rosso	Cantinetta	90x90x340	113681S
Seta Rosso	Cantinetta	90x90x410	113703S
Red Universe	Cesto Incollato Vassoio Conico	310x220x90	139189S
Red Universe	Cesto Incollato Vassoio Conico	350x260x70	139190S
Red Universe	Cesto Incollato Vassoio Conico	400x300x120	139191S
Red Universe	Segreto Esagono Segreto Esagono C/Cordini Segreto Esagono C/Cordini	245x245x180	139213S
Red Universe	Segreto Esagono Segreto Esagono C/Cordini Segreto Esagono C/Cordini	210x210x210	139212S
Red Universe	Segreto Esagono Segreto Esagono C/Cordini Segreto Esagono C/Cordini	300x300x240	139206S
Red Universe	Segreto Esagono Segreto Esagono C/Cordini Segreto Esagono C/Cordini	390x270x235	139207S
Red Universe	Segreto Esagono Segreto Esagono C/Cordini Segreto Esagono C/Cordini	325x255x180	139211S
Red Universe	Portapanettone Portapanettone	200x200x180	139196S
Red Universe	Baulotto New Cubotto	330x250x390	139185S
Red Universe	Baulotto New Cubotto	330x250x350	139193S
Red Universe	Portapanettone + Bott. Portapanettone + Bott.	280x200x350	139198S
Red Universe	Portapanettone + Bott. Portapanettone + Bott.	305x225x350	139199S
Red Universe	Bordolese	90x90x340	139202S
Red Universe	Bordolese	110x110x390	139194S
Red Universe	Bordolese	115x115x430	139195S
Red Universe	Bordolese	180x90x385	139204S
Red Universe	Bordolese	90x90x385	139203S
Red Universe	Unica Cantinetta	340x180x95	139217S
Red Universe	Unica Cantinetta	340x270x95	139218S
Pp	Vassoio Conico Vassoio Conico Vassoio Esagono	170x170x80	135379S
Pp	Vassoio Conico Vassoio Conico Vassoio Esagono	210x210x90	135380S
Pp	Vassoio Conico Vassoio Conico Vassoio Esagono	260x260x100	135381S
Pp	Vassoio Conico Vassoio Conico Vassoio Esagono	230x170x80	135382S
Pp	Cesto Incollato Vassoio	220x160x50	104195S
Pp	Cesto Incollato Vassoio	310x220x90	104197S
Pp	Cesto Incollato Vassoio	350x260x70	104198S
Pp	Portapanettone	200x200x180	135075S
Pp	Portapanettone	245x245x130	135076S
Pp	Portapanettone	450x340x240	134876S
Pp	Portapanettone + Bott. Baulotto	280x200x350	104504S
Pp	Portapanettone + Bott. Baulotto	305x225x350	104505S
Pp	Portapanettone + Bott. Baulotto	330x250x350	104509S
Seta Bordeaux	Cassetta Marmotta New	390x390x110	135390S
Seta Bordeaux	Cassetta Marmotta New	390x390x250	135391S
Seta Bordeaux	Cassetta Marmotta New	400x400x145	134970S
Seta Bordeaux	Cassetta Marmotta New	400x400x195	134971S
F/C-On	Tutto A Posto M/P	470x420x210	136117S
F/C-On	Tutto A Posto M/P	340x500x250	104637S
F/C-On	Tutto A Posto M/P	400x460x230	104638S
F/C-On	Tutto A Posto M/P	400x600x250	104639S
F/C-On	Tutto A Posto M/P	325x175x180	136116S
F/C-On	Tutto A Posto M/P	180x180x340	134839S
F/C-On	Tutto A Posto M/P	270x180x340	134840S
F/C-On	Tutto A Posto M/P	340x90x90	136121S
F/C-On	Tutto A Posto M/P	340x180x90	136122S
Seta Bordeaux	Cantinetta Cantina Maxi	340x90x90	104159S
Seta Bordeaux	Cantinetta Cantina Maxi	340x185x90	104162S
Seta Bordeaux	Cantinetta Cantina Maxi	340x280x90	104169S
Seta Bordeaux	Unica	340x95x95	104364S
Seta Bordeaux	Unica	340x180x95	134949S
Seta Bordeaux	Unica	340x270x95	134950S
Seta Bordeaux	Cofanetto-On Couvette Ghiaccio	330x100x100	104232S
Seta Bordeaux	Cofanetto-On Couvette Ghiaccio	340x90x90	134880S
Seta Bordeaux	Cofanetto-On Couvette Ghiaccio	430x115x115	136113S
Seta Bordeaux	Magnum	110x110x390	134846S
Seta Bordeaux	Magnum	115x115x430	135077S
Seta Bordeaux	Magnum	120x120x395	136100S
Seta Bordeaux	Magnum	90x90x340	136095S
Seta Bordeaux	Magnum	100x100x340	136107S
Seta Bordeaux	Magnum	110x110x290	134845S
Seta Bordeaux	Magnum	75x75x400	104645S
Seta Bordeaux	Magnum	90x90x410	134960S
Seta Bordeaux	Cantinetta Expo	340x280x90	136098S
Seta Bordeaux	Cantinetta Expo	340x370x90	136099S
Pvc	Vassoio Conico Vassoio Conico Cesto Interno Bordeaux	170x170x80	136976S
Pvc	Vassoio Conico Vassoio Conico Cesto Interno Bordeaux	170x170x80	136979S
Pvc	Vassoio Conico Vassoio Conico Cesto Interno Bordeaux	370x265x100	136990S
Pvc	Vassoio Conico Vassoio Conico Cesto Interno Bordeaux	430x300x110	136991S
Pvc	Vassoio Conico Vassoio Conico Cesto Interno Bordeaux	90x90x370	136973S
Pvc	Vassoio Conico Vassoio Conico Cesto Interno Bordeaux	90x90x385	136972S
Pvc	Cantinetta	340x280x90	136966S
Pvc	Cantinetta	340x370x90	136967S
Kraft Bordeaux	Cantinetta	340x90x90	136982S
Kraft Bordeaux	Cantinetta	340x185x90	136983S
Kraft Bordeaux	Cantinetta	340x280x90	136984S
Skin Vinaccia	Cantinetta	340x90x90	137700S
Skin Vinaccia	Cantinetta	340x185x90	137701S
Skin Vinaccia	Cantinetta	340x280x90	137702S
Skin Vinaccia	Unica	340x370x90	137703S
Skin Vinaccia	Unica	340x180x95	137721S
Skin Vinaccia	Unica	340x560x90	137704S
Skin Vinaccia	Unica	340x270x95	137722S
Skin Vinaccia	Unica	110x110x390	137707S
Skin Vinaccia	Unica	115x115x430	137708S
Pp	Vassoio Cesto Incollato	310x240x105	130206S
Pp	Vassoio Cesto Incollato	400x320x150	130207S
Pp	Vassoio Cesto Incollato	500x375x160	130208S
Pp	Vassoio Esagono Vassoio Conico	205x170x70	130212S
Pp	Vassoio Esagono Vassoio Conico	290x230x85	130214S
Pp	Vassoio Esagono Vassoio Conico	380x300x100	130215S
Pp	Quadrella Quadrella	210x210x220	130185S
Pp	Portapanettone + Bott. F/C-Dp Easy	280x200x350	130181S
Pp	Portapanettone + Bott. F/C-Dp Easy	305x225x350	130182S
Pp	Portapanettone + Bott. F/C-Dp Easy	455x320x150	139472S
Fibra Verde	Segreto C/Cordini Segreto C/Cordini Segreto C/Cordini	210x210x210	130200S
Fibra Verde	Segreto C/Cordini Segreto C/Cordini Segreto C/Cordini	290x355x195	130203S
Fibra Verde	Segreto F/C-On	300x300x240	130194S
Fibra Verde	Segreto F/C-On	390x270x235	130195S
Fibra Verde	Segreto F/C-On	440x340x370	130196S
Fibra Verde	Segreto F/C-On	460x320x290	130197S
Fibra Verde	Tutto A Posto Easy M/P Tutto A Posto Easy M/P	470x420x210	139473S
Fibra Verde	Unica	90x90x340	130187S
Fibra Verde	Unica	100x100x340	130188S
Fibra Verde	Unica	115x115x430	130180S
Fibra Verde	Unica	180x90x385	130192S
Fibra Verde	Unica	90x90x385	130191S
Fibra Verde	Unica	200x100x385	130189S
Fibra Verde	Cantinetta	340x90x90	130170S
Fibra Verde	Cantinetta	340x185x90	130171S
Fibra Verde	Cantinetta	325x175x180	130198S
Fibra Verde	Cantinetta	340x280x90	130172S
Spot Verde	Vassoio Conico	230x170x80	138743S
Spot Verde	Vassoio Conico	290x210x90	138744S
Spot Verde	Vassoio Conico	400x300x115	138745S
Spot Verde	Vassoio Conico	350x260x70	138718S
Spot Verde	Portapanettone Portapanettone F/C-Dp Easy	200x200x180	138725S
Spot Verde	Portapanettone Portapanettone F/C-Dp Easy	110x110x390	138723S
Spot Verde	Portapanettone Portapanettone F/C-Dp Easy	115x115x430	138724S
Spot Verde	Portapanettone Portapanettone F/C-Dp Easy	90x90x340	138727S
Spot Verde	Portapanettone Portapanettone F/C-Dp Easy	340x185x90	138715S
Spot Verde	Portapanettone Portapanettone F/C-Dp Easy	340x180x95	138741S
Spot Verde	Portapanettone Portapanettone F/C-Dp Easy	340x280x90	138716S
Spot Verde	Portapanettone Portapanettone F/C-Dp Easy	340x270x95	138742S
Spot Verde	Segreto C/Cordini Segreto	280x200x350	138811S
Spot Verde	Segreto C/Cordini Segreto	330x250x350	138814S
Linea Verde	Cantinetta	340x90x90	134493S
Linea Verde	Cantinetta	340x185x90	134494S
Linea Verde	Cantinetta	340x280x90	134495S
Linea Verde	Cantinetta	340x370x90	134496S
Green Forest	Portapanettone Portapanettone	210x210x210	130816S
Green Forest	Portapanettone Portapanettone	200x200x180	130812S
Green Forest	Portapanettone Portapanettone	280x200x350	130818S
Green Forest	Cesto Incollato Cesto Incollato Portapanettone + Bott.	400x300x120	130810S
Green Forest	Cesto Incollato Cesto Incollato Portapanettone + Bott.	330x250x350	130815S
Pp	Couvette Ghiaccio	340x90x90	130665S
Pp	Couvette Ghiaccio	340x180x95	130640S
Pp	Couvette Ghiaccio	340x270x90	130667S
Pp	Couvette Ghiaccio	340x270x95	130641S
Pp	Couvette Ghiaccio	360x340x90	130661S
Seta Verde	Cesto Incollato Vassoio	220x160x50	130513S
Seta Verde	Cesto Incollato Vassoio	310x220x90	130514S
Seta Verde	Cesto Incollato Vassoio	500x375x160	130798S
Seta Verde	Cantinetta	340x185x90	130509S
Seta Verde	Cantinetta	340x280x90	130510S
Seta Verde	Cantinetta	340x370x90	130511S
Seta Verde	Cantinetta	340x560x90	130512S
Seta Verde	Cantinetta	340x90x90	130508S
Seta Verde	Portapanettone Cofanetto-Ec	245x245x130	135074S
Seta Verde	Marmotta New F/C-On	400x400x145	130652S
Seta Verde	Marmotta New F/C-On	400x400x195	130653S
Seta Verde	Marmotta New F/C-On	600x400x195	130658S
Seta Verde	Portapanettone + Bott. Tutto A Posto M/P	280x200x350	130543S
Seta Verde	Portapanettone + Bott. Tutto A Posto M/P	330x250x350	130545S
Seta Verde	Portapanettone + Bott. Tutto A Posto M/P	430x240x345	130546S
Pp	Vassoio Conico Cesto Incollato	230x170x80	130145S
Pp	Vassoio Conico Cesto Incollato	290x210x90	130146S
Pp	Vassoio Conico Cesto Incollato	400x300x115	130147S
Pp	Vassoio Esagono F/C-On	205x170x70	130148S
Pp	Vassoio Esagono F/C-On	290x230x85	130149S
Pp	Vassoio Esagono F/C-On	380x300x100	130150S
Pp	Quadrella Quadrella Cubotto	210x210x220	130122S
Pp	Quadrella Quadrella Cubotto	330x250x350	130109S
Pp	Portapanettone + Bott.	200x200x180	130115S
Pp	Portapanettone + Bott.	280x200x350	130117S
Pp	Portapanettone + Bott.	305x225x350	130118S
Fibra Blu	F/C-Dp Easy  Segreto	340x250x120	139482S
Fibra Blu	F/C-Dp Easy  Segreto	380x260x130	139483S
Fibra Blu	F/C-Dp Easy  Segreto	455x320x150	139484S
Fibra Blu	F/C-Dp Easy  Segreto	460x320x290	130136S
Fibra Blu	Segreto C/Cordini Segreto C/Cordini	210x210x210	130139S
Fibra Blu	Segreto C/Cordini Segreto C/Cordini	245x245x180	130140S
Fibra Blu	Segreto C/Cordini Segreto C/Cordini	290x355x195	130142S
Fibra Blu	Cop. Pronto	470x420x210	139485S
Fibra Blu	Cop. Pronto	90x90x340	130124S
Fibra Blu	Cop. Pronto	100x100x340	130125S
Fibra Blu	Magnum	115x115x430	130114S
Fibra Blu	Magnum	270x180x340	130132S
Fibra Blu	Magnum	340x180x95	130143S
Fibra Blu	Magnum	180x90x385	130129S
Fibra Blu	Magnum	90x90x385	130128S
Fibra Blu	Magnum	200x100x385	130126S
Fibra Blu	Cantinetta	340x90x90	130100S
Fibra Blu	Cantinetta	340x185x90	130101S
Fibra Blu	Cantinetta	340x280x90	130102S
Fibra Blu	Cantinetta	325x175x180	130137S
Fibra Blu	Cantinetta	325x255x180	130138S
Spot Blu	Vassoio Conico Cesto Incollato Portapanettone	230x170x80	138514S
Spot Blu	Vassoio Conico Cesto Incollato Portapanettone	290x210x90	138515S
Spot Blu	Vassoio Conico Cesto Incollato Portapanettone	400x300x115	138516S
Spot Blu	Segreto C/Cordini Segreto F/C-Dp Easy	245x245x180	138518S
Spot Blu	Segreto C/Cordini Segreto F/C-Dp Easy	280x200x350	138519S
Spot Blu	Segreto C/Cordini Segreto F/C-Dp Easy	325x255x180	138506S
Spot Blu	Segreto C/Cordini Segreto F/C-Dp Easy	330x250x350	138497S
Spot Blu	Segreto C/Cordini Segreto F/C-Dp Easy	180x90x385	138501S
Spot Blu	Segreto C/Cordini Segreto F/C-Dp Easy	90x90x385	138500S
Spot Blu	Magnum	110x110x390	138491S
Spot Blu	Magnum	115x115x430	138492S
Spot Blu	Magnum	90x90x340	138499S
Spot Blu	Magnum	340x270x95	138513S
Spot Blu	Cantinetta	340x90x90	138480S
Spot Blu	Cantinetta	340x185x90	138481S
Spot Blu	Cantinetta	340x280x90	138482S
Spot Blu	Cantinetta	340x370x90	138483S
Spot Blu	Cantinetta	340x560x90	138484S
Pp	Cesto Incollato Marmotta New	220x160x50	116287S
Pp	Cesto Incollato Marmotta New	310x220x90	116288S
Pp	Cesto Incollato Marmotta New	350x260x70	116289S
Pp	Cesto Incollato Marmotta New	280x200x350	116360S
Pp	Cesto Incollato Marmotta New	380x260x110	116317S
Pp	Tutto A Posto M/P cop. Ghiaccio  Tutto A Posto M/P	340x500x250	116410S
Pp	Tutto A Posto M/P cop. Ghiaccio  Tutto A Posto M/P	400x460x230	116407S
Pp	Tutto A Posto M/P cop. Ghiaccio  Tutto A Posto M/P	400x600x250	116416S
Pp	Tutto A Posto M/P cop. Ghiaccio  Tutto A Posto M/P	500x700x200	116481S
Juta Blu	Liquore	75x75x400	116390S
Juta Blu	Liquore	115x115x430	116482S
Juta Blu	Liquore	340x95x95	116307S
Juta Blu	Liquore	340x180x90	116561S
Juta Blu	Cantinetta	340x185x90	116280S
Juta Blu	Cantinetta	340x280x90	116281S
Juta Blu	Cantinetta	340x370x90	116282S
Juta Blu	Cantinetta	340x90x90	116279S
Pp	Cesto Incollato Vassoio Conico	220x160x50	119121S
Pp	Cesto Incollato Vassoio Conico	310x220x90	118972S
Pp	Cesto Incollato Vassoio Conico	350x260x70	119122S
Pp	Vassoio Esagono Vassoio	205x170x70	129588S
Pp	Vassoio Esagono Vassoio	290x230x85	129589S
Pp	Vassoio Esagono Vassoio	380x300x100	129591S
Pp	Portapanettone Quadrella Quadrella	100x100x100	129597S
Pp	Portapanettone+Bott. Cubotto	280x300x350	129426S
Pp	Portapanettone+Bott. Cubotto	305x225x350	129427S
Gift Gift	Casetta C/Cordini Casetta C/Cordini	200x200x180	118965S
Gift Gift	Casetta C/Cordini Casetta C/Cordini	245x245x150	118966S
Gift Gift	Baulotto New Baulotto New	335x235x250	119117S
Gift Gift	Shopperbox c/cordini Shopperbox c/fin. pla + cordini F/C-dp Easy	90x90x140	129639S
Gift Gift	Shopperbox c/cordini Shopperbox c/fin. pla + cordini F/C-dp Easy	110x110x170	129641S
Gift Gift	Shopperbox c/cordini Shopperbox c/fin. pla + cordini F/C-dp Easy	240x140x195	129647S
Gift Gift	Shopperbox c/cordini Shopperbox c/fin. pla + cordini F/C-dp Easy	380x260x130	119127S
Gift Gift	Shopperbox c/cordini Shopperbox c/fin. pla + cordini F/C-dp Easy	455x320x150	119128S
Gift Gift	F/C-On  Tutto A Posto M/P	300x300x240	119129S
Gift Gift	F/C-On  Tutto A Posto M/P	400x285x240	119220S
Gift Gift	F/C-On  Tutto A Posto M/P	400x340x340	119221S
Gift Gift	F/C-On  Tutto A Posto M/P	490x340x340	119222S
Gift Gift	F/C-On  Tutto A Posto M/P	580x370x340	129424S
Fibra Bianco	Magnum	110x110x390	129606S
Fibra Bianco	Magnum	115x115x430	129419S
Fibra Bianco	Magnum	90x90x340	129494S
Fibra Bianco	Magnum	70x70x230	129703S
Fibra Bianco	Magnum	340x90x90	119118S
Fibra Bianco	Magnum	340x185x90	119119S
Fibra Bianco	Magnum	340x280x90	119120S
White Little Houses	Casetta C/Cordino Casetta C/Cordini	120x120x110	138754S
White Little Houses	Casetta C/Cordini Casetta C/Cordini	245x245x150	138756S
Pini Verdi Bianco	Maison C/Cordino Maison C/Cordino	200x140x140	197813S
Pini Verdi Bianco	Maison C/Cordino Maison C/Cordino	200x200x180	197814S
Christmas Flowers	Portapanettone Portapanettone	200x200x180	136303S
Christmas Flowers	Portapanettone + Bott. Portapanettone + Bott.	280x200x350	136305S
Christmas Flowers	Portapanettone + Bott. Portapanettone + Bott.	330x250x350	136307S
Dolce Idea	Quadrella stampa marrone Quadrella stampa oro	210x210x220	139462S
Dolce Idea	Quadrella stampa marrone Quadrella stampa oro	245x245x190	139463S
Dolce Idea	Quadrella stampa rosso Quadrella stampa verde	210x210x220	139466S
Dolce Idea	Quadrella stampa rosso Quadrella stampa verde	245x245x190	139467S
Christmas Village	Vassoio Conico Cesto Incollato	290x210x90	197782S
Christmas Village	Vassoio Conico Cesto Incollato	400x300x115	197783S
Christmas Village	Quadrella Quadrella	210x210x220	197778S
Christmas Village	Portapanettone	200x200x180	197772S
Christmas Village	Portapanettone	245x245x130	197773S
Christmas Village	Baulotto New Portapanettone + Bott.	330x250x390	197770S
Christmas Village	Baulotto New Portapanettone + Bott.	305x225x350	197775S
Paesaggio	Cesto Incollato Segreto C/Cordini	350x260x70	137665S
Paesaggio	Cesto Incollato Segreto C/Cordini	400x300x120	137666S
Paesaggio	Cesto Incollato Segreto C/Cordini	280x200x350	137671S
Paesaggio	Quadrella Quadrella	210x210x220	137667S
Paesaggio	Baulotto New Portapanettone+Bott.	330x250x390	137664S
Paesaggio	Baulotto New Portapanettone+Bott.	305x225x350	137673S
Pvc Pp	Tutto A Posto M/P	200x200x180	115167S
Pvc Pp	Tutto A Posto M/P	400x460x230	114644S
Pvc Pp	Tutto A Posto M/P	400x600x250	114645S
Pvc Pp	Cantinetta	340x90x90	114653S
Pvc Pp	Cantinetta	340x185x90	114654S
Pvc Pp	Cantinetta	340x280x90	114655S
Pvc Pp	Cantinetta	90x90x340	115215S
Golden Tree	Segreto C/Cordini Portapanettone Segreto C/Cordini	245x245x150	112983S
Sfere Bianco	Cubotto	245x190x340	136353S
Sfere Bianco	Portapanettone	280x200x350	136354S
Sfere Bianco	Portapanettone	200x200x180	136440S
Sfere Bianco	Portapanettone	305x225x350	136355S
Sfere Bianco	Portapanettone	245x245x130	136441S
Sfere Bianco	Portapanettone	300x230x110	136369S
Sfere Bianco	Portapanettone	380x260x130	136370S
Sfere Bianco	Portapanettone	300x300x120	136387S
Sfere Bianco	Portapanettone	455x320x150	136371S
Sfere Bianco	Segreto Portapanettone + Bott.	200x200x180	136454S
Sfere Bianco	Segreto Portapanettone + Bott.	245x245x150	136456S
Sfere Bianco	Segreto Portapanettone + Bott.	440x340x370	136459S
Sfere Bianco	Segreto Portapanettone + Bott.	460x320x290	136460S
Sfere Bianco	Segreto Portapanettone + Bott.	90x90x340	136448S
Sfere Bianco	Segreto Portapanettone + Bott.	90x90x385	136446S
Sfere Bianco	Cantinetta	340x180x95	136491S
Sfere Bianco	Cantinetta	340x90x90	136338S
Sfere Bianco	Cantinetta	340x270x95	136492S
Sfere Bianco	Cantinetta	340x185x90	136339S
White Universe	Cesto Incollato Vassoio Conico	310x220x90	139244S
White Universe	Cesto Incollato Vassoio Conico	350x260x70	139245S
White Universe	Cesto Incollato Vassoio Conico	400x300x120	139246S
White Universe	Segreto Esagono C/Cordini Segreto Esagono C/Cordini Segreto Esagono C/Cordini	210x210x210	139267S
White Universe	Segreto	325x175x180	139265S
White Universe	Segreto	300x300x240	139261S
White Universe	Segreto	390x270x235	139262S
White Universe	Segreto	325x255x180	139266S
White Universe	Portapanettone Portapanettone	200x200x180	139251S
White Universe	Baulotto New Cubotto	330x250x390	139240S
White Universe	Baulotto New Cubotto	330x250x350	139248S
White Universe	Portapanettone + Bott. Portapanettone + Bott.	280x200x350	139253S
White Universe	Portapanettone + Bott. Portapanettone + Bott.	305x225x350	139254S
White Universe	Portapanettone + Bott. Portapanettone + Bott.	110x110x390	139249S
White Universe	Portapanettone + Bott. Portapanettone + Bott.	90x90x340	139257S
White Universe	Portapanettone + Bott. Portapanettone + Bott.	90x90x385	139258S
White Universe	Cantinetta	340x180x95	139272S
White Universe	Cantinetta	340x90x90	139241S
White Universe	Cantinetta	340x270x95	139273S
White Universe	Cantinetta	340x185x90	139242S
White Universe	Cesto Incollato Cesto Incollato	350x260x70	115486S
White Universe	Portapanettone Portapanettone	200x200x180	115488S
White Universe	Segreto C/Cordini Portapanettone + Bott.	210x210x210	115492S
White Universe	Segreto C/Cordini Portapanettone + Bott.	245x245x180	115493S
White Universe	Segreto C/Cordini Portapanettone + Bott.	280x200x350	115494S
Crystal	Cesto Incollato F/C-Dp Easy	310x220x90	138213S
Crystal	Cesto Incollato F/C-Dp Easy	350x260x70	138214S
Crystal	Cesto Incollato F/C-Dp Easy	400x300x120	138215S
Crystal	Portapanettone Segreto	245x245x130	138225S
Crystal	Portapanettone Segreto	300x300x240	138239S
Crystal	Cubotto Portapanettone + Bott.	280x200x350	138216S
Crystal	Cubotto Portapanettone + Bott.	330x250x350	138218S
Crystal	Cubotto Portapanettone + Bott.	245x245x180	138242S
Crystal	Cubotto Portapanettone + Bott.	280x200x350	138243S
Crystal	Cantinetta	340x185x90	138211S
Crystal	Cantinetta	270x90x385	138235S
S/S  Stampa A Secco S/C Stampa A Caldo	Cantinetta Cantinetta	340x370x90	134182S
S/S  Stampa A Secco S/C Stampa A Caldo	Cassetta	390x290x250	134040S
S/S  Stampa A Secco S/C Stampa A Caldo	Cassetta	340x280x90	134173S
Spot Cipria	Cesto Incollato Segreto C/Cordini	350x260x70	138995S
Spot Cipria	Cesto Incollato Segreto C/Cordini	210x210x210	138989S
Spot Cipria	Cesto Incollato Segreto C/Cordini	270x270x200	138992S
Spot Cipria	In C/Cordino Albero In C/Cordino Albero	210x210x210	138984S
Spot Cipria	Segreto C/Cordini F/C-On	280x200x350	138993S
Matelasse’ Nudo	Vassoio Conico Vassoio Esagono Cesto Incollato	170x170x80	137573S
Matelasse’ Nudo	Vassoio Conico Vassoio Esagono Cesto Incollato	210x210x90	137575S
Matelasse’ Nudo	Vassoio Conico Vassoio Esagono Cesto Incollato	260x260x100	137577S
Matelasse’ Nudo	Vassoio Conico Vassoio Esagono Cesto Incollato	380x260x130	137533S
Matelasse’ Nudo	Vassoio Conico Vassoio Esagono Cesto Incollato	500x340x160	137569S
Matelasse’ Nudo	Vassoio Conico Vassoio Esagono Cesto Incollato	200x200x180	137598S
Matelasse’ Nudo	Vassoio Conico Vassoio Esagono Cesto Incollato	245x245x150	137599S
Matelasse’ Nudo	Vassoio Conico Vassoio Esagono Cesto Incollato	115x115x430	137536S
Matelasse’ Nudo	Vassoio Conico Vassoio Esagono Cesto Incollato	120x120x395	137537S
Matelasse’ Nudo	Vassoio Conico Vassoio Esagono Cesto Incollato	90x90x340	137540S
Matelasse’ Nudo	Vassoio Conico Vassoio Esagono Cesto Incollato	340x185x90	137521S
Matelasse’ Nudo	Vassoio Conico Vassoio Esagono Cesto Incollato	340x370x90	137527S
Pp	Cesto Incollato Vassoio Conico	220x160x50	139314S
Pp	Cesto Incollato Vassoio Conico	310x220x90	139315S
Pp	Cesto Incollato Vassoio Conico	350x260x70	139316S
Pp	Vassoio Esagono Vassoio	205x170x70	139388S
Pp	Vassoio Esagono Vassoio	290x230x85	139389S
Pp	Vassoio Esagono Vassoio	380x300x100	139390S
Pp	Portapanettone+Bott. Cubotto	280x200x350	139347S
Pp	Portapanettone+Bott. Cubotto	305x225x350	139348S
Pp	Portapanettone+Bott. Cubotto	330x250x350	139349S
Fibra Oro	Portapanettone Quadrella Quadrella	100x100x100	139345S
Fibra Oro	Portapanettone Quadrella Quadrella	160x160x140	139346S
Gift	Baulotto New Baulotto New	330x235x250	139310S
Gift	Portapanettone Albero F/C-dp Easy	345x300x330	139352S
Gift	Portapanettone Albero F/C-dp Easy	380x260x130	139323S
Gift	Portapanettone Albero F/C-dp Easy	455x320x150	139324S
Gift	F/C-On  Tutto A Posto M/P	300x300x240	139325S
Gift	F/C-On  Tutto A Posto M/P	400x285x240	139326S
Gift	F/C-On  Tutto A Posto M/P	400x340x340	139327S
Gift	F/C-On  Tutto A Posto M/P	490x340x340	139328S
Gift	F/C-On  Tutto A Posto M/P	580x370x340	139391S
Fibra Oro	Magnum	110x110x390	139337S
Fibra Oro	Magnum	115x115x430	139338S
Fibra Oro	Magnum	90x90x340	139355S
Fibra Oro	Magnum	100x100x340	139356S
Fibra Oro	Magnum	90x90x385	139359S
Fibra Oro	Magnum	200x100x385	139357S
Fibra Oro	Magnum	325x175x180	139369S
Fibra Oro	Magnum	340x180x95	139379S
Fibra Oro	Magnum	325x255x180	139370S
Pp	Cesto Incollato Vassoio	220x160x50	136588S
Pp	Cesto Incollato Vassoio	310x220x90	136589S
Pp	Cesto Incollato Vassoio	350x260x70	136590S
Pp	Cesto Incollato Vassoio	245x245x130	136632S
Pp	Cesto Incollato Vassoio	330x250x350	136628S
Pp	Interno stampato oro - inside gold	90x90x340	136641S
Pp	Interno stampato oro - inside gold	90x90x385	136639S
Pp	Interno stampato oro - inside gold	100x100x340	136642S
Pp	Interno stampato oro - inside gold	340x180x95	136680S
Pp	Interno stampato oro - inside gold	340x280x90	136699S
Pp	Interno stampato oro - inside gold	340x270x95	136681S
Pp Pet	Vassoio Esagono Vassoio Conico	205x170x70	138466S
Pp Pet	Vassoio Esagono Vassoio Conico	290x230x85	138467S
Pp Pet	Vassoio Esagono Vassoio Conico	380x300x100	138468S
Pp Pet	Cesto Incollato	310x220x90	138402S
Pp Pet	Cesto Incollato	350x260x70	138403S
Pp Pet	Cesto Incollato	400x300x120	138404S
Pp Pet	Portapanettone	160x160x140	138418S
Pp Pet	Portapanettone	200x200x180	138419S
Pp Pet	Portapanettone	245x245x180	138478S
Skin Oro	C/Maniglia F.	180x90x385	138435S
Skin Oro	C/Maniglia F.	90x90x385	138434S
Skin Oro	C/Maniglia F.	300x100x385	138433S
Skin Oro	C/Maniglia F.	325x175x180	138444S
Skin Oro	C/Maniglia F.	340x180x95	138456S
Skin Oro	Magnum	110x110x390	138415S
Skin Oro	Magnum	115x115x430	138416S
Skin Oro	Cantinetta	90x90x340	138430S
Skin Oro	Cantinetta	340x90x90	138395S
Skin Oro	Cantinetta	100x100x340	138431S
Pelle Oro	Vassoio Conico + Vassoio Conico	170x170x80	133593S
Pelle Oro	Vassoio Conico + Vassoio Conico	400x300x115	134796S
Pelle Oro	Vassoio Conico + Vassoio Conico	400x300x115	133598S
Pelle Oro	Cesto Incollato	220x160x50	133518S
Pelle Oro	Cesto Incollato	310x220x90	133520S
Pelle Oro	Cesto Incollato	180x90x385	137730S
Pp	Cesto   Incollato Vassoio	220x160x50	101051S
Pp	Cesto   Incollato Vassoio	310x220x90	101056S
Pp	Cesto   Incollato Vassoio	350x260x70	101059S
Pp	Cesto   Incollato Vassoio	400x300x120	101060S
Pp	Cesto   Incollato Vassoio	520x410x135	134936S
Seta Oro	Vassoio Esagono Cofanetto-Ec	335x265x95	134886S
Seta Oro	Portapanettone	200x200x180	135071S
Seta Oro	Portapanettone	245x245x130	135072S
Seta Oro	Cubotto Portapanettone + Bott.	245x190x340	134943S
Seta Oro	Cubotto Portapanettone + Bott.	305x225x350	101225S
Seta Oro	Cubotto Portapanettone + Bott.	330x250x350	101166S
Seta Oro	Cubotto Portapanettone + Bott.	430x240x345	101167S
Seta Oro	Tutto A Posto C/Fo.	340x500x250	101212S
Seta Oro	Tutto A Posto M/P	280x200x410	101007S
Seta Oro	Tutto A Posto M/P	340x500x250	101198S
Seta Oro	Tutto A Posto M/P	400x460x230	101199S
Seta Oro	Tutto A Posto M/P	400x600x250	101210S
Seta Oro	Tutto A Posto M/P	90x90x410	134894S
Seta Oro	Tutto A Posto M/P	90x90x385	134958S
Seta Oro	Tutto A Posto M/P	180x90x385	134986S
Seta Oro	Unica	340x180x95	134954S
Seta Oro	Unica	340x270x95	134955S
Seta Oro	Cantinetta	340x90x90	101040S
Seta Oro	Cantinetta	340x370x90	101049S
Seta Oro	Cantinetta	340x185x90	101041S
Seta Oro	Cantinetta	340x560x90	101050S
Seta Oro	Cantinetta	340x280x90	101048S
Pp	Cesto Incollato Vassoio Conico	220x160x50	134430S
Pp	Cesto Incollato Vassoio Conico	310x220x90	134431S
Pp	Cesto Incollato Vassoio Conico	260x260x100	134486S
Pp	Segreto C/Cordini Segreto C/Cordini	245x245x150	134426S
Pp	Tutto A Posto M/P	340x500x250	134476S
Pp	Tutto A Posto M/P	400x600x250	134480S
Linea Tortora	Cantinetta	340x90x90	134389S
Linea Tortora	Cantinetta	340x185x90	134390S
Linea Tortora	Cantinetta	340x280x90	134391S
Linea Tortora	Cantinetta	340x370x90	134392S
Linea Tortora	Cantinetta	340x560x90	134393S
Linea Tortora	Unica	340x180x95	134482S
Linea Tortora	Unica	340x270x95	134483S
Pvc Pet Pap	Valigetta Valigetta	90x90x100	115632S
Pvc Pet Pap	Valigetta Valigetta	130x60x120	113838S
Pvc Pet Pap	Valigetta Valigetta	130x60x150	113839S
Pvc Pet Pap	Valigetta Valigetta	190x60x90	113843S
Pvc Pet Pap	Valigetta Valigetta	190x60	109198S
Pvc Pet Pap	Valigetta Valigetta	190x60x120	113844S
Pvc Pet Pap	Valigetta Valigetta	270x90	109199S
Pvc Pet Pap	Valigetta Valigetta	190x60x150	113845S
Pvc Pet Pap	Coperchio Per Vassoio Conico Shopperbox c/cordini Shopperbox c/cordini Shopperbox c/cordini	170x170	115123S
Pvc Pet Pap	Coperchio Per Vassoio Conico Shopperbox c/cordini Shopperbox c/cordini Shopperbox c/cordini	210x210	115124S
Pvc Pet Pap	Coperchio Per Vassoio Conico Shopperbox c/cordini Shopperbox c/cordini Shopperbox c/cordini	260x260	115625S
Pvc Pet Pap	Coperchio Per Vassoio Conico Shopperbox c/cordini Shopperbox c/cordini Shopperbox c/cordini	180x90	115376S
Pvc Pet Pap	Automatico	45x45x220	113826S
Pvc Pet Pap	Automatico	55x55x180	113827S
Pvc Pet Pap	Automatico	55x55x250	113828S
Pvc Pet Pap	Automatico	65x65x230	115461S
Pvc Pet Pap	Automatico	65x65x330	115462S
Pvc Pet Pap	Automatico	90x45x160	115468S
Pvc Pet Pap	Automatico	90x45x220	115469S
Pvc Pet Pap	Automatico	110x55x180	115629S
Pvc Pet Pap	Automatico	110x55x250	115478S
Pvc Pet Pap	Automatico	130x65x230	115485S
Pvc Pet Pap	Automatico	130x65x330	113852S
Pvc Pet Pap	Automatico	90x90x370	113849S
Pp	Cesto Incollato Vassoio Conico	350x260x70	138770S
Pp	Cesto Incollato Vassoio Conico	400x300x120	138771S
Pp	Cesto Incollato Vassoio Conico	400x300x115	138807S
Pp	Segreto C/Cordini  Portapanettone	245x245x180	138796S
Pp	Portapanettone + Bott. Tutto A Posto Easy M/P	280x200x350	138781S
Pp	Portapanettone + Bott. Tutto A Posto Easy M/P	110x110x390	138776S
Pp	Portapanettone + Bott. Tutto A Posto Easy M/P	115x115x430	138777S
Pp	Portapanettone + Bott. Tutto A Posto Easy M/P	90x90x340	138789S
Bottle Neck Support Included	Cantinetta	340x90x90	138766S
Bottle Neck Support Included	Cantinetta	340x185x90	138767S
Pelle Grigio	Magnum	90x90x370	135922S
Pelle Grigio	Magnum	115x115x430	133337S
Pelle Grigio	Magnum	90x90x410	133300S
Pelle Grigio	Magnum	400x300x120	133316S
Matelasse’ Grigio Perla	Vassoio Conico + Vassoio Conico	170x170x80	137426S
Matelasse’ Grigio Perla	Vassoio Conico + Vassoio Conico	260x260x100	137431S
Matelasse’ Grigio Perla	Vassoio Conico + Vassoio Conico	230x170x80	137433S
Matelasse’ Grigio Perla	Vassoio Conico + Vassoio Conico	290x210x90	137436S
Matelasse’ Grigio Perla	Cesto Incollato Portapanettone	400x300x120	137398S
Matelasse’ Grigio Perla	Segreto	300x300x240	137412S
Matelasse’ Grigio Perla	Segreto	180x90x385	137407S
Matelasse’ Grigio Perla	Segreto	90x90x385	137405S
Matelasse’ Grigio Perla	Segreto	340x180x95	137424S
Matelasse’ Grigio Perla	Segreto	90x90x340	137404S
Matelasse’ Grigio Perla	Segreto	340x90x90	137387S
Matelasse’ Grigio Perla	Segreto	340x185x90	137388S
Matelasse’ Grigio Perla	Segreto	340x280x90	137389S
Matelasse’ Grigio Perla	Segreto	340x370x90	137390S
Seta Nero	C/Cordini C/Cordini	210x210x210	117150S
Seta Nero	C/Cordini C/Cordini	300x300x240	117152S
Seta Nero	Cesto Incollato Forma New Lanterna	220x160x50	117162S
Seta Nero	Cesto Incollato Forma New Lanterna	310x220x90	117163S
Seta Nero	Cesto Incollato Forma New Lanterna	350x260x70	117164S
Seta Nero	Cesto Incollato Forma New Lanterna	180x180x395	113742S
Seta Nero	Maison C/Cordino Maison C/Cordino Cadeaux	200x140x140	197822S
Seta Nero	Maison C/Cordino Maison C/Cordino Cadeaux	245x245x150	197825S
Seta Nero	Maison C/Cordino Maison C/Cordino Cadeaux	240x200x95	117128S
Seta Nero	Maison C/Cordino Maison C/Cordino Cadeaux	300x230x110	117092S
Seta Nero	Maison C/Cordino Maison C/Cordino Cadeaux	340x250x120	117127S
Seta Nero	Bordolese	90x90x340	117111S
Seta Nero	Champagne	100x100x340	117116S
Seta Nero	Champagne	110x110x290	113807S
Seta Nero	Segreto Esagono   Segreto Esagono	95x95x355	117153S
Seta Nero	Segreto Esagono   Segreto Esagono	180x90x385	117122S
Seta Nero	Segreto Esagono   Segreto Esagono	90x90x385	113739S
Seta Nero	Segreto Esagono   Segreto Esagono	200x100x385	113805S
Ghiaccio	Couvette Ghiaccio Couvette  Trasparente	340x90x90	113789S
Ghiaccio	Couvette Ghiaccio Couvette  Trasparente	430x115x115	117129S
Ghiaccio	Couvette Ghiaccio Couvette  Trasparente	340x270x90	113791S
Seta Nero	Lanterna Int. Trasparente Lanterna Int.  Trasparente Lanterna Int. Trasparente	90x90x350	113740S
Separators	Cantinetta Cantinetta Expo	340x90x90	113756S
Separators	Cantinetta Cantinetta Expo	340x185x90	113757S
Separators	Cantinetta Cantinetta Expo	340x280x90	113758S
Separators	Unica	325x175x180	117132S
Separators	Unica	340x180x95	113795S
Separators	Unica	325x255x180	113798S
Separators	Unica	340x90x90	117168S
Separators	Unica	340x180x90	117169S
Separators	STRIPES Seta Nero	340x185x90	197905S
Separators	STRIPES Seta Nero	340x280x90	197906S
Separators	STRIPES Seta Nero	110x110x390	117104S
Video Montaggio	Cantinetta Sicura	390x230x110	138878S
Video Montaggio	Cantinetta Sicura	390x340x110	138879S
Video Montaggio	Cantinetta Sicura	390x445x110	138880S
Video Montaggio	Avana  Americana Sicura	225x225x380	138876S
Video Montaggio	Avana  Americana Sicura	220x115x380	138874S
Video Montaggio	Avana  Americana Sicura	325x225x380	138877S
Video Montaggio	Avana  Americana Sicura	330x115x380	138875S
Black Little Houses	Casetta C/cordino Casetta C/cordini Casetta C/cordini	120x120x110	137843S
Onda Nero	Cesto Interno Nero	220x155x60	137038S
Onda Nero	Cesto Interno Nero	170x170x80	137026S
Onda Nero	Cesto Interno Nero	210x210x90	137027S
Onda Nero	Cesto Interno Nero	260x260x100	137028S
Onda Nero	Cantinetta	340x185x90	137015S
Onda Nero	Cantinetta	340x280x90	137016S
Onda Nero	Cantinetta	340x370x90	137017S
Onda Nero	Cantinetta	90x90x370	137023S
Onda Nero	Vassoio Conico	170x170x80	133775S
Onda Nero	Vassoio Conico	210x210x90	133776S
Onda Nero	Vassoio Conico	260x260x100	133777S
Onda Nero	Vassoio Conico	340x185x90	133719S
Onda Nero	Vassoio Conico	340x100x100	133819S
Onda Nero	Vassoio Conico	340x280x90	133721S
Onda Nero	Vassoio Conico	350x210x105	133715S
S/C Hot Foil Printing	Cantinetta   Cantinetta	340x185x90	133808S
S/C Hot Foil Printing	Cantinetta   Cantinetta	340x280x90	133809S
S/C Hot Foil Printing	Cantinetta   Cantinetta	340x280x90	133720S
S/C Hot Foil Printing	Cantinetta   Cantinetta	90x90x370	133764S
S/C Hot Foil Printing	Cantinetta   Cantinetta	200x100x385	133762S
S/C Hot Foil Printing	Cantinetta   Cantinetta	180x90x420	133801S
S/C Hot Foil Printing	Magnum	110x110x390	133754S
S/C Hot Foil Printing	Magnum	115x115x430	133755S
S/C Hot Foil Printing	Bordolese	90x90x340	133760S
S/C Hot Foil Printing	Bordolese	100x100x340	133761S
S/C Hot Foil Printing	Segreto   Unica	325x255x180	133768S
S/C Hot Foil Printing	Segreto   Unica	340x270x95	133774S
Kraft Nero	Interno stampato nero - inside black	180x90x385	137036S
Kraft Nero	Interno stampato nero - inside black	90x90x385	137035S
Kraft Nero	Interno stampato nero - inside black	340x90x90	137032S
Kraft Nero	Interno stampato nero - inside black	340x185x90	137033S
Kraft Nero	Interno stampato nero - inside black	130x130x210	197895S
Kraft Nero	Interno stampato nero - inside black	155x155x160	197896S
Kraft Nero	Interno stampato nero - inside black	190x45x40	197899S
Kraft Nero	Interno stampato nero - inside black	220x60x40	197900S
Constellation	Portapanettone Portapanettone	245x245x130	138907S
Constellation	Segreto C/Cordini Segreto C/Cordini	210x210x210	138144S
Constellation	Segreto C/Cordini Segreto C/Cordini	245x245x180	138145S
Constellation	Cesto Incollato	310x220x90	138903S
Constellation	Cesto Incollato	350x260x70	138904S
Constellation	Cesto Incollato	400x300x120	138905S
Constellation	Portapanettone + Bott.	230x170x80	138922S
Constellation	Portapanettone + Bott.	290x210x90	138923S
Constellation	Portapanettone + Bott.	400x300x115	138924S
Constellation	Portapanettone + Bott.	330x250x350	138910S
Constellation	Portapanettone + Bott.	430x240x345	138911S
Constellation	Cantinetta	340x90x90	138900S
Constellation	Cantinetta	340x185x90	138901S
Constellation	Cantinetta	340x280x90	138902S
Magic Forest	Luna	290x190x150	197872S
Magic Forest	Luna	330x230x170	197873S
Magic Forest	Luna	390x290x255	197874S
Magic Forest	Luna	490x340x350	197931S
Magic Forest	Vassoio Conico Cesto Incollato	230x170x80	197756S
Magic Forest	Vassoio Conico Cesto Incollato	290x210x90	197757S
Magic Forest	Vassoio Conico Cesto Incollato	400x300x115	197758S
Magic Forest	Vassoio Esagono Quadrella	205x170x70	197759S
Magic Forest	Vassoio Esagono Quadrella	290x230x85	197760S
Magic Forest	Vassoio Esagono Quadrella	380x300x100	197761S
Magic Forest	Segreto C/Cordini Segreto C/Cordini	200x210x210	197752S
Magic Forest	Segreto C/Cordini Segreto C/Cordini	245x245x180	197745S
Magic Forest	Segreto Portapanettone + Bott.	300x300x240	197797S
Magic Forest	Segreto Portapanettone + Bott.	390x270x235	197798S
Magic Forest	Cantinetta	340x90x90	197749S
Magic Forest	Cantinetta	340x185x90	197750S
Magic Forest	Cantinetta	340x280x90	197751S
Magic Forest	Cantinetta	325x175x180	197799S
Magic Forest	Cantinetta	325x255x180	197800S
Words	Cesto Incollato Vassoio Conico	310x220x90	138933S
Words	Cesto Incollato Vassoio Conico	350x260x70	138934S
Words	Cesto Incollato Vassoio Conico	400x300x120	138935S
Words	Segreto C/Cordini Segreto C/Cordini	210x210x210	138969S
Words	Segreto C/Cordini Segreto C/Cordini	245x245x180	138970S
Words	Segreto C/Cordini Segreto C/Cordini	280x200x350	138972S
Words	Segreto C/Cordini Segreto C/Cordini	290x355x195	138973S
Words	Portapanettone Portapanettone + Bott.	200x200x180	138936S
Words	Portapanettone Portapanettone + Bott.	245x245x130	138937S
Words	Unica Cantinetta	340x180x95	138962S
Words	Unica Cantinetta	340x270x95	138963S
Words	Unica Cantinetta	340x280x90	138932S
Pini Verdi Avana	Maison C/Cordino Maison C/Cordino	200x140x140	197809S
Pini Verdi Avana	Maison C/Cordino Maison C/Cordino	200x200x180	197810S
Galaxy	Segreto C/Cordini Portapanettone + Bott.	200x200x180	136538S
Galaxy	Segreto C/Cordini Portapanettone + Bott.	280x200x350	136540S
Galaxy	Segreto C/Cordini Portapanettone + Bott.	305x225x350	136541S
Galaxy	The nature of kraft cardboard can determine shades’ differences between the individual products	90x90x340	136544S
Galaxy	The nature of kraft cardboard can determine shades’ differences between the individual products	90x90x385	136545S
Galaxy	Unica Cantinetta	340x180x95	136554S
Galaxy	Unica Cantinetta	340x270x95	136555S
Galaxy	Unica Cantinetta	340x280x90	136532S
Galaxy	Segreto	300x300x240	136568S
Galaxy	Segreto	390x270x235	136569S
Pp Pet	Vassoio Esagono	220x155x60	135905S
Pp Pet	Vassoio Esagono	205x170x70	135896S
Pp Pet	Vassoio Esagono	320x220x85	135906S
Pp Pet	Vassoio Esagono	290x230x85	135897S
Pp Pet	Vassoio Esagono	370x265x100	135907S
Pp Pet	Vassoio Esagono	380x300x100	135898S
Pp Pet	Vassoio Esagono	430x300x110	135910S
Pp Pet	Cesto Incollato Vassoio	220x160x50	139152S
Pp Pet	Cesto Incollato Vassoio	310x220x90	139153S
Pp Pet	Cesto Incollato Vassoio	350x260x70	139154S
Pp Pet	Cassetta Smart  Cassetta	390x290x90	197830S
Pp Pet	Cassetta Smart  Cassetta	490x390x90	197831S
Pp Pet	Cassetta Smart  Cassetta	590x390x90	197832S
Avana	Quadrella Quadrella Gift	210x210x220	139415S
Avana	Portapanettone Portapanettone Portapanettone	100x100x100	137241S
Avana	Portapanettone Portapanettone Portapanettone	200x200x180	137242S
Avana	Casetta C/Cordini Casetta C/Cordini Casetta C/Cordini	245x245x150	139178S
Avana	Vassoio Conico C/Fo Cofanetto-On	435x280x230	135467S
Avana	Vassoio Conico C/Fo Cofanetto-On	430x255x300	138699S
Avana	Strip Strip Strip Strip	220x155x195	138894S
Avana	Segreto Esagono In C/Cordino Albero In C/Cordino Cuore	245x245x180	137234S
Avana	Segreto Esagono In C/Cordino Albero In C/Cordino Cuore	210x210x210	139146S
Avana	Segreto Esagono In C/Cordino Albero In C/Cordino Cuore	245x245x180	139147S
Avana	Segreto Esagono In C/Cordino Albero In C/Cordino Cuore	300x300x240	139148S
Avana	Prestige C/Cordini  Prestige C/Cordini	210x210x210	137237S
Avana	Prestige C/Cordini  Prestige C/Cordini	245x245x180	137238S
Avana	Coperchio per Vassoio  Vassoio Marmotta	390x290x100	168288S
Avana	Coperchio per Vassoio  Vassoio Marmotta	390x290	168302S
Avana	Coperchio per Vassoio  Vassoio Marmotta	390x390	168303S
Avana	Baulotto New Baulotto New	335x235x250	139145S
Avana	Portapanettone Albero Cubotto	345x300x330	138649S
Avana	Portapanettone Albero Cubotto	280x200x350	138703S
Avana	Shopperbox c/cordini Cadeaux Forma New	90x90x140	139438S
Avana	Shopperbox c/cordini Cadeaux Forma New	110x110x170	139439S
Reinforcement Cardboard Bottom Included	Saccotto C/Cordini Portapanettone + Bott.	200x200x355	135938S
Reinforcement Cardboard Bottom Included	Saccotto C/Cordini Portapanettone + Bott.	245x245x335	135939S
Reinforcement Cardboard Bottom Included	Scatola Salmone	700x250x40	138852S
Reinforcement Cardboard Bottom Included	Marmotta C/Finestra Marmotta New	350x350x150	135911S
Reinforcement Cardboard Bottom Included	Marmotta C/Finestra Marmotta New	380x300x140	135912S
Reinforcement Cardboard Bottom Included	Marmotta C/Finestra Marmotta New	455x350x170	135913S
Avana	Gourmet C/Maniglia/Finestra	220x80x195	138544S
Avana	Gourmet C/Maniglia/Finestra	220x200x85	138527S
Avana	Finestra in PLA - biodegradabile  Finestra in PLA - biodegradabile	290x290x90	138528S
Avana	Valigetta C/Finestra Shopperbox c/fin. pla + cordini Shopperbox c/fin. pla + cordini	210x210x210	138543S
Avana	Valigetta C/Finestra Shopperbox c/fin. pla + cordini Shopperbox c/fin. pla + cordini	245x245x180	138545S
Avana	Valigetta C/Finestra Shopperbox c/fin. pla + cordini Shopperbox c/fin. pla + cordini	290x145x190	138546S
••• F/CTutto A Posto M/P Tutto A Posto Easy M/P	340x500x250	138659S
••• F/CTutto A Posto M/P Tutto A Posto Easy M/P	400x460x230	138661S
••• F/C*F/C-Dp Easy  F/C-Dp Seggiolino	240x200x95	135536S
••• F/C*F/C-Dp Easy  F/C-Dp Seggiolino	300x230x110	135834S
••• F/C*F/C-Dp Easy  F/C-Dp Seggiolino	340x250x120	135951S
••• F/C*F/C-Dp Easy  F/C-Dp Seggiolino	380x260x130	135835S
••• F/C*F/C-Dp Easy  F/C-Dp Seggiolino	455x320x150	135836S
Avana	Trasparente       Ghiaccio	130x130x210	197884S
Avana	Trasparente       Ghiaccio	155x155x160	197885S
Avana	Trasparente       Ghiaccio	190x50x40	197889S
Avana	Trasparente       Ghiaccio	210x50x40	197890S
Avana	Segreto  C/Cordini	160x130x330	139163S
Avana	Controimballo Per Cantinetta	360x210x100	130790S
Avana	Controimballo Per Cantinetta	360x310x100	130791S
Avana	Controimballo Per Cantinetta	360x390x100	130792S
Avana	Controimballo Per Cantinetta	360x580x100	109800S
Avanamanuale della scatola.	340x185x90	135857S
Avanamanuale della scatola.	340x280x90	135859S
Avanamanuale della scatola.	340x370x90	135860S
Serie Express Express Boxes	Guarda il video della	390x270x130	135429S
Serie Express Express Boxes	Guarda il video della	370x350x155	135430S
Serie Express Express Boxes	Flexible Packaging Sheet Flexible Packaging Sheet	420x420	197925S
Pp	Vassoio Conico Vassoio Cesto	230x170x80	197803S
Pp	Vassoio Conico Vassoio Cesto	290x210x90	197804S
Pp	Vassoio Conico Vassoio Cesto	400x300x115	197805S
Pp	Vassoio Conico Vassoio Cesto	430x300x110	107744S
Pp	Vassoio Esagono	330x180x170	107614S
Pp	Vassoio Esagono	205x170x70	197806S
Pp	Vassoio Esagono	290x230x85	197807S
Pp	Vassoio Esagono	380x300x100	197808S
F/C-Dp	Cantinetta	340x90x90	107551S
F/C-Dp	Cantinetta	340x185x90	107651S
F/C-Dp	Cantinetta	340x280x90	107655S
F/C-Dp	Cantinetta	340x370x90	107668S
F/C-Dp	Cantinetta	340x560x90	107671S
F/C-Dp	Cantinetta	340x180x95	134956S
F/C-Ec	F/C-Ec-Dp	300x300x120	107789S
Seta Corten	Vassoio Conico Cesto Incollato	230x170x80	139126S
Seta Corten	Vassoio Conico Cesto Incollato	290x210x90	139127S
Seta Corten	Vassoio Conico Cesto Incollato	400x300x120	139105S
Seta Corten	Portapanettone Portapanettone	200x200x180	139108S
Seta Corten	Unica	325x175x180	139118S
Seta Corten	Unica	340x180x95	139124S
Seta Corten	Unica	325x255x180	139119S
Seta Corten	Unica	340x270x95	139125S
Seta Corten	Cantinetta Cantinetta	340x185x90	139101S
Wood	Vassoio Conico Cesto Incollato	230x170x80	136832S
Wood	Vassoio Conico Cesto Incollato	290x210x90	136833S
Wood	Vassoio Conico Cesto Incollato	400x300x115	136834S
Wood	Segreto	300x300x240	136823S
Wood	Segreto	180x90x385	136821S
Wood	Segreto	90x90x385	136820S
Bottle Neck Support Included	Cantinetta	340x90x90	136805S
Bottle Neck Support Included	Cantinetta	340x185x90	136806S
Bottle Neck Support Included	Cantinetta	340x280x90	136807S
Bottle Neck Support Included	Unica	340x370x90	136808S
Bottle Neck Support Included	Unica	340x180x95	136830S
Pp Pet	Prestige C/Cordini  Portapanettone	210x210x210	138297S
Pp Pet	Prestige C/Cordini  Portapanettone	245x245x180	138331S
Pp Pet	Segreto C/Cordini  Segreto C/Cordini	210x210x210	138325S
Pp Pet	Segreto C/Cordini  Segreto C/Cordini	245x245x180	138326S
Pp Pet	In C/Cordino Albero In C/Cordino Albero	210x210x210	138292S
Skin Coffee	Cesto Incollato Segreto	310x220x90	138285S
Skin Coffee	Cesto Incollato Segreto	350x260x70	138286S
Skin Coffee	Cesto Incollato Segreto	400x300x120	138287S
Skin Coffee	Cantinetta	340x280x90	138282S
Skin Coffee	Cantinetta	340x370x90	138283S
Skin Coffee	Cantinetta	340x560x90	138284S
Skin Coffee	Cantinetta	340x90x90	138280S
Skin Coffee	Cantinetta	340x185x90	138281S
Skin Coffee	F/C-Dp Easy  Tutto A Posto Easy M/P	340x250x120	138288S
Skin Coffee	F/C-Dp Easy  Tutto A Posto Easy M/P	380x260x130	138289S
Skin Coffee	F/C-Dp Easy  Tutto A Posto Easy M/P	455x320x150	138290S
Skin Coffee	F/C-Dp Easy  Tutto A Posto Easy M/P	180x90x385	138304S
Skin Coffee	F/C-Dp Easy  Tutto A Posto Easy M/P	90x90x385	138303S
Skin Coffee	F/C-Dp Easy  Tutto A Posto Easy M/P	200x100x385	138301S
Skin Coffee	F/C-Dp Easy  Tutto A Posto Easy M/P	90x90x340	138299S
Skin Coffee	F/C-Dp Easy  Tutto A Posto Easy M/P	115x115x430	138294S
Skin Coffee	F/C-Dp Easy  Tutto A Posto Easy M/P	100x100x340	138300S
Skin Coffee	F/C-Dp Easy  Tutto A Posto Easy M/P	340x270x95	138321S
Pp	Cesto Incollato F/C-Dp-On Magnum	220x160x50	133170S
Pp	Cesto Incollato F/C-Dp-On Magnum	310x220x90	133171S
Pp	Unica Cantinetta C/Maniglia	340x180x95	133274S
Pp	Unica Cantinetta C/Maniglia	340x270x95	133275S
Pp	Unica Cantinetta C/Maniglia	325x255x180	133250S
Pp	Segreto Portapanettone + Bott.	200x200x180	133254S
Pp	Segreto Portapanettone + Bott.	460x320x290	133251S
Pp	Segreto Portapanettone + Bott.	180x180x340	133186S
Pp	Segreto Portapanettone + Bott.	270x180x340	133187S
Pp	Segreto Portapanettone + Bott.	340x370x90	133116S
Pp	Segreto Portapanettone + Bott.	340x280x90	133167S
Pp	Segreto Portapanettone + Bott.	340x90x90	133165S
Pp	Segreto Portapanettone + Bott.	340x370x90	133168S
Pp	Segreto Portapanettone + Bott.	340x185x90	133166S
Pp	Segreto Portapanettone + Bott.	350x320x105	133147S
Pp	Segreto Portapanettone + Bott.	340x560x90	133169S
Pelle Marrone	Magnum	110x110x390	133214S
Pelle Marrone	Magnum	115x115x430	133215S
Pelle Marrone	Magnum	90x90x340	133024S
Pelle Marrone	Magnum	100x100x340	133025S
Pelle Marrone	Magnum	90x90x410	133150S
Seta Marrone	Cesto Incollato	220x160x50	104877S
Seta Marrone	Cesto Incollato	310x220x90	104879S
Sacco	Cesto Incollato Cantinetta	220x160x50	130593S
Sacco	Cesto Incollato Cantinetta	310x220x90	130594S
Sacco	Cesto Incollato Cantinetta	350x260x70	130595S
Sacco	Cesto Incollato Cantinetta	400x300x120	130596S
Sacco	Cesto Incollato Cantinetta	340x185x90	130581S
Matelasse’ Cuoio	Cesto Incollato Vassoio Esagono Vassoio Conico	310x220x90	137263S
Matelasse’ Cuoio	Cesto Incollato Vassoio Esagono Vassoio Conico	400x300x120	137265S
Matelasse’ Cuoio	Cesto Incollato Vassoio Esagono Vassoio Conico	380x300x100	137314S
Pet	Vassoio Conico	230x170	115616S
Pet	Vassoio Conico	290x210	115626S
Pet	Vassoio Conico	400x300	115645S
Pet	Vassoio Conico	340x180x95	137294S
Pet	Vassoio Conico	90x90x340	137273S
Pet	Vassoio Conico	90x90x385	137274S
Pet	Vassoio Conico	230x170x80	137302S
Pet	Vassoio Conico	290x210x90	137305S
Pet	Vassoio Conico	400x300x115	137307S
Pet	Cantinetta	340x185x90	137254S
Pet	Cantinetta	340x280x90	137255S
Pet	Cantinetta	340x370x90	137256S
Pet	Cantinetta	340x560x90	137257S
Pet	Cantinetta	340x90x90	137253S
Linea Verde Linea Tortora	Tavolo Contenitore Tavolo	610x500x515	134474S
Linea Verde Linea Tortora	Libreria Libreria	700x350x1425	134425S
Avana	Cuore Da Appendere Alzata Fiore Alzata Fiore	180x180	167113S
Avana	Cuore Da Appendere Alzata Fiore Alzata Fiore	300x300	167114S
Avana	Cuore Da Appendere Alzata Fiore Alzata Fiore	450x460	167115S
Avana	Targhetta In Sgabello contenitore	310x310x350	135420S
Avana	Libreria Tavolo	700x350x1425	135831S
